Solution,Phase,Category,Sub Category,Item,Priority,Implemented? (Yes / No / NA),Comments
AEM EDS,Development,Code Quality,AEM,Have you identified and finalized the list of templates/themes?,High,,
AEM EDS,Development,Code Quality,AEM,Have you identified the list of blocks needed?,High,,
AEM EDS,Development,Code Quality,AEM,Have you mapped usable blocks from block library?,Medium,,
AEM EDS,Development,Code Quality,AEM,Is the block library plugin configured?,Medium,,
AEM EDS,Development,Code Quality,AEM,Are environment secrets used to store passwords/tokens or secrets?,High,,
AEM EDS,Development,Code Quality,AEM,Have you configured environment variables for environment-specific values?,Medium,,
AEM EDS,Development,Code Quality,AEM,Have reasonable connect and read timeouts been set for outgoing HTTP connections?,High,,
AEM EDS,Development,Code Quality,AEM,Are form authoring aspects/requirements taken into consideration?,High,,
AEM EDS,Development,Code Quality,AEM,Is lazy loading implemented for fragments?,Medium,,
AEM EDS,Development,Code Quality,AEM,Is DOR (Deferred Object Rendering) capability used and validated?,High,,
AEM EDS,Development,Code Quality,AEM,Are HTTP error codes and API status codes handled for REST API invocations?,High,,
AEM EDS,Development,Code Quality,AEM,Are user interactions frozen while back-end transactions are in progress?,High,,
AEM EDS,Development,Code Quality,AEM,Are placeholders configured for custom blocks to use static strings?,High,,
AEM EDS,Development,Code Quality,AEM,Are unit test scripts (Cypress) created for blocks?,Medium,,
AEM EDS,Development,Code Quality,Product Feedback,Are there any product defects identified? Are Jira tickets created and assigned?,Low,,
AEM EDS,Development,Code Quality,Product Contribution,Are there any components/artifacts developed worth adding to the product?,Low,,
AEM EDS,Development,Code Quality,Reusable Components,Are there any components/artifacts developed worth sharing with other projects?,High,,
AEM EDS,Development,Code Quality,UI,"Are all fonts, images, and styles served from the application and not referring to third-party resources?",High,,
AEM EDS,Development,Code Quality,Code,Are code/implementation reviews conducted regularly?,Medium,,
AEM EDS,Development,Code Quality,Code,Have all blocker/critical/major code quality issues been resolved?,High,,
AEM EDS,Development,Code Quality,Code,Does the project meet the intended code coverage criteria?,High,,
AEM EDS,Development,Code Quality,Code,Do team members have code quality check tools like JS Lint installed locally for pre-PR checks?,High,,
AEM EDS,Development,Code Quality,AEM,Are any custom query indexes created?,Medium,,
AEM EDS,Development,Code Quality,AEM,Are accessibility/usability requirements handled in implementation?,Medium,,
AEM EDS,Development,Code Quality,AEM,Are developer best practices followed?,Medium,,
AEM EDS,Development,Code Quality,AEM,Have you updated vanity URLs?,Medium,,
AEM EDS,Development,Code Quality,AEM,Are metadata configured for pages (page level / site level)?,Low,,
AEM EDS,Development,Code Quality,AEM,Is sitemap.xml configured?,Medium,,
AEM EDS,Development,Code Quality,AEM,Is robots.txt configured to skip crawling pages from non-prod environments?,High,,
AEM EDS,Development,Code Quality,Code,Is indexing optimized and maintained as per customer requirements?,High,,
AEM EDS,Development,Code Quality,Code,Is index definition made part of code base?,High,,
AEM EDS,Development,Code Quality,Code,Is content automation utilized in the project?,Medium,,
AEM EDS,Development,Code Quality,Code,"Are third-party systems accessing assets from EDS? If yes, how?",High,,
AEM EDS,Development,Code Quality,Code,"Are SCoE portal tools used? If yes, list them; if no, explain why not utilized?",High,,
AEM EDS,Development,Code Quality,Code,Is code branching strategy documented and followed?,High,,
AEM EDS,Development,Code Quality,Code,Is a review workflow being used? OOTB or custom?,Medium,,
AEM EDS,Reusability,"Architecture, Design & Implementation",Reusability & Multi-Track,Are reusable components implemented in a modular and track-independent way?,High,,
AEM EDS,Reusability,"Architecture, Design & Implementation",Reusability & Multi-Track,Are shared front-end and back-end APIs reused across tracks?,High,,
AEM EDS,Reusability,"Architecture, Design & Implementation",Reusability & Multi-Track,"Are common error handling, logging, and monitoring mechanisms implemented for shared modules?",High,,
AEM EDS,Reusability,"Architecture, Design & Implementation",Reusability & Multi-Track,Are automated tests written in a reusable way to support multiple tracks?,High,,
AEM EDS,Site,Accessibility,Keyboard Navigation,Ensure the site is accessible via keyboard shortcuts,High,,
AEM EDS,Site,Accessibility,Screen Reader Support,Check compatibility with screen readers,Medium,,
AEM EDS,Pre-GoLive,Performance,Development,Are indexes created and optimized for production?,High,,
AEM EDS,Pre-GoLive,Code Quality,Development,Are code quality and code coverage criteria met?,High,,
AEM EDS,Pre-GoLive,Performance,Environment,Is the CDN configured considering security non-functional requirements?,High,,
AEM EDS,Pre-GoLive,Code Quality,Non-Functional Requirement,Has approval been received for accessibility and usability validations?,High,,
AEM EDS,Pre-GoLive,Security,Non-Functional Requirement,Passed security audits?,High,,
AEM EDS,Pre-GoLive,Performance,Production Support,Is system monitoring configured for production?,High,,
AEM EDS,Pre-GoLive,Performance,Production Support,Are maintenance routines configured for production?,High,,
AEM EDS,Pre-GoLive,Security,Non-Functional Requirement,Are all access privileges reviewed and limited to only required personnel?,High,,
AEM EDS,Pre-GoLive,Security,Non-Functional Requirement,Are vulnerability scans conducted for production environment before GoLive?,High,,
AEM EDS,Pre-GoLive,Code Quality,Code,Are critical/major code quality issues resolved before GoLive?,High,,
AEM EDS,Pre-GoLive,Performance,Non-Functional Requirement,Are load and stress testing results documented and approved?,High,,
AEM EDS,Pre-GoLive,Security,Non-Functional Requirement,Are security monitoring tools validated for production?,High,,
AEM EDS,Post-GoLive,Security,Environment,Are granted permissions on the production system revoked/limited post-deployment and sanity checks?,Medium,,
AEM EDS,Post-GoLive,Security,Non-Functional Requirement,Are there any security alerts post-deployment? Are these issues prioritized and ETA on closure provided?,High,,
AEM EDS,Post-GoLive,Performance,Non-Functional Requirement,Are there any performance issues reported? Is RCA provided? Is ETA on closure provided?,High,,
AEM EDS,Post-GoLive,Security,Non-Functional Requirement,Are security logs monitored and reviewed for post-GoLive period?,High,,
AEM EDS,Post-GoLive,Security,Non-Functional Requirement,Are incident response procedures defined and validated for production?,High,,
AEM EDS,Post-GoLive,Performance,Non-Functional Requirement,"Are load balancing, CDN, and caching mechanisms monitored and optimized post-GoLive?",High,,
AEM EDS,Post-GoLive,Performance,Non-Functional Requirement,Are monitoring alerts configured for SLA violations?,High,,
AEM EDS,Post-GoLive,Security,Non-Functional Requirement,Are SSL/TLS certificates monitored and renewed before expiry?,High,,
AEM EDS,Post-GoLive,Performance,Non-Functional Requirement,"Are performance metrics (response time, throughput, error rates) reported periodically?",High,,
AEM EDS,Post-GoLive,Security,Non-Functional Requirement,Are penetration tests or security scans planned post-GoLive?,Medium,,
AEM EDS,Post-GoLive,Security,Non-Functional Requirement,Are vulnerabilities prioritized and mitigation plans implemented promptly?,High,,
AEM EDS,Post-GoLive,Performance,Non-Functional Requirement,Is post-GoLive capacity planning reviewed for future scaling?,Medium,,