key,value
metadata.projectName,
metadata.repoUrl,
metadata.appUrl,
metadata.commitId,
metadata.auditTimestamp,
metadata.checklistVersion,
metadata.agentVersion,
overallScores.uiQualityScore,
overallScores.accessibilityScore,
overallScores.performanceScore,
overallScores.codeQualityScore,
overallScores.securityScore,
overallScores.uxComplianceScore,
summary.totalChecks,
summary.passed,
summary.failed,
summary.notApplicable,
summary.mandatoryFailed,
summary.criticalFailed,
summary.highFailed,
summary.autoFixablePercent,
domains.accessibility.score,
domains.accessibility.wcagViolations.critical,
domains.accessibility.wcagViolations.high,
domains.accessibility.wcagViolations.medium,
domains.accessibility.wcagViolations.low,
domains.accessibility.missingAltTextPercent,
domains.accessibility.colorContrastFailures,
domains.accessibility.keyboardNavigationIssues,
domains.accessibility.ariaMisuseCount,
domains.accessibility.landmarkCoveragePercent,
domains.accessibility.focusIndicatorIssues,
domains.accessibility.screenReaderIssues,
domains.performance.score,
domains.performance.lighthouseScore,
domains.performance.lcpMs,
domains.performance.cls,
domains.performance.inpMs,
domains.performance.ttfbMs,
domains.performance.renderBlockingResources,
domains.performance.totalJsKb,
domains.performance.unusedJsCssPercent,
domains.performance.imageOptimizationIssues,
domains.security.score,
domains.security.headers.httpsNotEnforced,
domains.security.headers.missingCsp,
domains.security.headers.missingHsts,
domains.security.headers.missingXContentTypeOptions,
domains.security.headers.missingXFrameOptions,
domains.security.headers.mixedContent,
domains.security.clientSide.unsafeInnerHtmlUsage,
domains.security.clientSide.unsanitizedUserInput,
domains.security.clientSide.evalUsage,
domains.security.clientSide.documentWriteUsage,
domains.security.dataSecrets.hardcodedSecrets,
domains.security.dataSecrets.insecureStorageUsage,
domains.security.dataSecrets.piiInStorage,
domains.security.dependencies.vulnerableDependencies,
domains.security.dependencies.outdatedDependencies,
domains.codeQuality.score,
domains.codeQuality.lintErrors,
domains.codeQuality.unusedVariables,
domains.codeQuality.unusedImports,
domains.codeQuality.deadCodeFiles,
domains.codeQuality.duplicateCodePercent,
domains.codeQuality.avgCyclomaticComplexity,
domains.codeQuality.avgComponentLOC,
domains.codeQuality.deeplyNestedFunctions,
domains.cssArchitecture.designTokenUsagePercent,
domains.cssArchitecture.hardcodedColorCount,
domains.cssArchitecture.hardcodedSpacingCount,
domains.cssArchitecture.inlineStylesCount,
domains.cssArchitecture.duplicateCssRules,
domains.cssArchitecture.unusedCssSelectors,
domains.javascriptArchitecture.blockingScripts,
domains.javascriptArchitecture.scriptsWithoutAsyncDefer,
domains.javascriptArchitecture.thirdPartyScriptsNotLazyLoaded,
domains.javascriptArchitecture.memoryLeakRisks,
domains.javascriptArchitecture.forcedSyncLayouts,
domains.htmlSemantics.headingHierarchyViolations,
domains.htmlSemantics.multipleH1,
domains.htmlSemantics.missingLandmarks,
domains.htmlSemantics.invalidNesting,
domains.htmlSemantics.duplicateIds,
domains.forms.missingLabels,
domains.forms.placeholderAsLabel,
domains.forms.missingErrorAssociation,
domains.forms.missingAccessibleNames,
domains.seoSemantics.missingTitle,
domains.seoSemantics.missingMetaViewport,
domains.seoSemantics.missingCanonical,
domains.seoSemantics.structuredDataPresent,
domains.ux.formValidationGaps,
domains.ux.missingLoadingStates,
domains.ux.missingErrorStates,
domains.ux.inconsistentSpacingTypography,
domains.ux.navigationDepthIssues,
riskIndex.accessibility,
riskIndex.performance,
riskIndex.security,
riskIndex.codeQuality,
riskIndex.ux,
overallStatus.ragRating,
trendSnapshot.totalIssues,
trendSnapshot.criticalIssues,
trendSnapshot.uiQualityScore,
trendSnapshot.accessibilityScore,
trendSnapshot.performanceScore,
trendSnapshot.codeQualityScore,
trendSnapshot.securityScore